{
  "Software & Application Development": [
    "Are you interested in developing software applications or building mobile apps?",
    "Do you enjoy working with programming languages and coding projects?",
    "Are you excited about creating user interfaces or games?",
    "Would you consider yourself experienced or curious about software development?"
  ],
  "Data, AI & Analytics": [
    "Do you find data analysis, machine learning, or AI exciting?",
    "Have you worked with data or predictive modeling tools before?",
    "Are you interested in big data technologies or data engineering?",
    "Are you confident about working with algorithms or data-driven projects?"
  ],
  "Infrastructure & Security": [
    "Are you interested in IT infrastructure, cloud platforms, or network security?",
    "Have you managed servers, cloud services, or cybersecurity before?",
    "Do you feel comfortable working with DevOps or site reliability engineering?",
    "Are you familiar with networking or system administration"
  ],
  "Emerging Technologies & Hardware": [
    "Are you fascinated by blockchain, IoT devices, AR/VR, or robotics?",
    "Have you worked on projects involving hardware or new tech innovations?",
    "Do you follow trends in augmented reality or blockchain development?",
    "Are you eager to explore emerging technologies like robotics or IoT?"
  ],
  "Management & Entrepreneurship": [
    "Are you interested in managing digital products or leading tech startups?",
    "Have you had experience with product management or entrepreneurial roles?",
    "Are you confident in leading teams or launching tech initiatives?",
    "Would you describe yourself as a tech entrepreneur or product visionary?"
  ]
}
