{
  "Software & Application Development": [
    "Software Development",
    "Web Development",
    "Mobile App Development",
    "Game Development",
    "UI/UX Design"
  ],
  "Data, AI & Analytics": [
    "Data Science",
    "Machine Learning & AI",
    "Big Data & Data Engineering"
  ],
  "Infrastructure & Security": [
    "Cybersecurity",
    "Cloud Computing",
    "DevOps & SRE",
    "Networking & Infrastructure",
    "IT Support & System Administration",
    "Database Administration"
  ],
  "Emerging Technologies & Hardware": [
    "Blockchain Development",
    "IoT & Embedded Systems",
    "AR/VR (Augmented & Virtual Reality)",
    "Robotics"
  ],
  "Management & Entrepreneurship": [
    "Digital Product Management",
    "Tech Entrepreneurship"
  ]
}
